type,2024-12-16 12:38:00,2.02139949798584
ping,2024-12-16 12:38:28,2.0334889888763428
now,2024-12-16 12:38:50,2.0345332622528076
type,2024-12-16 12:38:56,2.051546812057495
type,2024-12-16 12:39:02,2.0415754318237305
type,2024-12-16 12:39:08,2.0166313648223877
type,2024-12-16 12:39:14,2.0573248863220215
type,2024-12-16 12:39:20,2.0547118186950684
type,2024-12-16 12:39:26,2.0536248683929443
type,2024-12-16 12:39:33,2.0224804878234863
sum,2024-12-16 12:39:39,2.047504425048828
pow,2024-12-16 12:39:45,2.035944938659668
send_back_binary,2024-12-16 12:39:52,2.491931438446045
ping,2024-12-16 12:42:42,2.032919406890869
now,2024-12-16 12:42:48,2.022451639175415
type,2024-12-16 12:42:55,2.0260262489318848
type,2024-12-16 12:43:01,2.0162408351898193
type,2024-12-16 12:43:07,2.0353424549102783
type,2024-12-16 12:43:13,2.0486552715301514
type,2024-12-16 12:43:19,2.0190067291259766
type,2024-12-16 12:43:25,2.016862392425537
type,2024-12-16 12:43:31,2.0261688232421875
sum,2024-12-16 12:43:37,2.0216000080108643
pow,2024-12-16 12:43:44,2.0310542583465576
send_back_binary,2024-12-16 12:43:50,2.4805376529693604
ping,2024-12-16 12:49:41,2.035787343978882
now,2024-12-16 12:49:47,2.027056932449341
type,2024-12-16 12:49:53,2.0452277660369873
type,2024-12-16 12:49:59,2.0311663150787354
type,2024-12-16 12:50:05,2.022614002227783
type,2024-12-16 12:50:11,2.0343942642211914
type,2024-12-16 12:50:17,2.0201873779296875
type,2024-12-16 12:50:23,2.01747727394104
type,2024-12-16 12:50:30,2.0450854301452637
sum,2024-12-16 12:50:36,2.0240232944488525
pow,2024-12-16 12:50:42,2.063680648803711
send_back_binary,2024-12-16 12:50:49,2.6387178897857666
color_inversion,2024-12-16 12:51:04,6.503887176513672
color_inversion,2024-12-16 12:51:15,2.8403608798980713
black_list_check,2024-12-16 12:51:24,2.0602195262908936
black_list_check,2024-12-16 12:51:30,2.0238826274871826
binarization,2024-12-16 12:51:47,12.06729006767273
rotate,2024-12-16 12:52:00,6.1070897579193115
